model,order,nMom,L1,Linf,symmetry_L1_rel,min_rho,runtime_s,n_steps
PN,3,4,0.787655149401953,1.85725977144796,3.64291925587557e-18,9.91270746308105e-09,0.0966216,2
MN,1,2,0.65518323547682,1.77036470762387,1.11022301130248e-17,1e-08,3.6888558,2
HOLOM1PN,3,4,0.65518323547682,1.77036470762387,1.11022301130248e-17,1e-08,2.0057137,2
