model,order,nMom,L1,Linf,symmetry_L1_rel,min_rho,runtime_s,n_steps,time_reference_s,time_model_build_s,time_quad_build_s,time_solver_total_s,time_step_sum_s,time_source_sum_s,time_flux_sum_s,time_flux_jacobian_sum_s,time_flux_stage_cache_sum_s,time_flux_entropy_cell_solves_sum_s,time_flux_characteristic_basis_sum_s,time_flux_reconstruct_sum_s,time_flux_entropy_reconstructed_sum_s,time_flux_high_order_flux_sum_s,time_flux_low_order_flux_sum_s,time_flux_mcl_bisection_sum_s,time_flux_limiter_flux_sum_s,time_flux_rhs_build_sum_s
PN,7,8,0.0316739715555961,0.0604687889755957,NaN,9.22893098372685e-09,0.8874413,7,0.0606512,0.0004203,0.0114005,0.8874413,0.877889,0.0035459,0.8695622,0,0.0164265,0,0,0.0045733,0,0.0359297,0,0,0.8193968,0.0001605
HFPn,8,8,0.0317176881281228,0.0603199084133054,NaN,8.79437385078602e-09,0.0976911,7,0.0606512,0.0008167,0.0191905,0.0976911,0.0958534,0.0007762,0.092014,0,0.0177857,0,0,0.0028348,0,0.0372664,0,0,0.0553454,0.0001617
PMPn,8,8,0.031682398811973,0.0603196202249708,NaN,8.79298740660097e-09,0.1228934,7,0.0606512,0.0004245,0.0090325,0.1228934,0.1209617,0.0009919,0.1161789,0,0.0201627,0,0,0.0035727,0,0.0430574,0,0,0.0742856,0.0002161
PMMn,8,8,0.0316840661069034,0.0603196027601094,NaN,-1.57276249999999e-08,4.1211909,7,0.0606512,0.0006425,0.0040256,4.1211909,4.1196327,0.0007224,4.1117597,0.3062116,1.5749988,1.2199672,0.3062116,0.0122113,2.4586543,0.0351236,0,0,2.5103678,0.0001502
